lang, bleu
abs, 35.082144381117764
bhp, 48.82753206175902
min, 47.56087733785086
sun, 27.802924148584783
