lang, bleu
abs, 15.605063428252516
btk, 14.205977899221043
bew, 6.0518865473250125
bhp, 38.133065642456394
jav, 4.96249922861512
mad, 9.599196739744533
min, 37.062464975421406
mui, 25.489120088713204
sun, 14.416043862484704
